,time,northing,easting,depths,zones,stakes,aspect,slope,watershed
0,2022-12-02,464819.0,5262240.0,5.0,Upland,S200,193.3626,6.632267,S2
1,2022-12-02,464819.0,5262292.0,10.0,Upland,S201,115.0966,3.120716,S2
2,2022-12-02,464819.0,5262344.0,0.0,Upland,S202,352.4059,2.16637,S2
3,2022-12-02,464819.0,5262396.0,8.5,Upland,S203,135.0012,7.45287,S2
4,2022-12-02,464819.0,5262448.0,0.0,Upland,S204,254.4066,9.503919,S2
5,2022-12-02,464819.0,5262500.0,3.0,Upland,S205,355.2919,3.051387,S2
6,2022-12-02,464819.0,5262552.0,,,,,,S2
7,2022-12-02,464744.8,5262240.0,,,,,,S2
8,2022-12-02,464744.8,5262292.0,11.0,Lagg,S211,332.3497,0.84887,S2
9,2022-12-02,464744.8,5262344.0,5.0,Lagg,S212,291.1621,2.37949,S2
10,2022-12-02,464744.8,5262396.0,19.0,Bog,S213,120.0787,0.78623,S2
11,2022-12-02,464744.8,5262448.0,13.0,Upland,S214,9.296235,3.98498,S2
12,2022-12-02,464744.8,5262500.0,11.0,Upland,S215,201.5048,1.26977,S2
13,2022-12-02,464744.8,5262552.0,,,,,,S2
14,2022-12-02,464670.6,5262240.0,14.5,Upland,S220,252.4753,2.85169,S2
15,2022-12-02,464670.6,5262292.0,5.0,Bog,S221,200.2377,0.72501,S2
16,2022-12-02,464670.6,5262344.0,14.0,Bog,S222,279.4718,0.43563,S2
17,2022-12-02,464670.6,5262396.0,14.5,Bog,S223,174.7998,0.39548,S2
18,2022-12-02,464670.6,5262448.0,5.0,Lagg,S224,187.7631,3.17706,S2
19,2022-12-02,464670.6,5262500.0,8.0,Lagg,S225,58.388,1.09319,S2
20,2022-12-02,464670.6,5262552.0,8.5,Upland,S226,275.0663,2.38778,S2
21,2022-12-02,464596.4,5262240.0,,,,,,S2
22,2022-12-02,464596.4,5262292.0,,,,,,S2
23,2022-12-02,464596.4,5262344.0,9.0,Lagg,S232,25.94226,14.422,S2
24,2022-12-02,464596.4,5262396.0,10.0,Bog,S233,113.9634,0.70519,S2
25,2022-12-02,464596.4,5262448.0,9.5,Bog,S234,180.0,0.28632,S2
26,2022-12-02,464596.4,5262500.0,14.0,Lagg,S235,105.2713,0.40827,S2
27,2022-12-02,464596.4,5262552.0,11.0,Upland,S236,4.635716,1.32895,S2
28,2022-12-02,464522.2,5262240.0,,,,,,S2
29,2022-12-02,464522.2,5262292.0,,,,,,S2
30,2022-12-02,464522.2,5262344.0,,,,,,S2
31,2022-12-02,464522.2,5262396.0,5.5,Upland,S243,50.67678,8.63669,S2
32,2022-12-02,464522.2,5262448.0,8.0,Upland,S244,355.6789,8.02736,S2
33,2022-12-02,464522.2,5262500.0,9.0,Upland,S245,21.695,3.57951,S2
34,2022-12-02,464522.2,5262552.0,4.0,Upland,S246,308.4806,5.336709,S2
35,2022-12-02,464448.0,5262240.0,,,,,,S2
36,2022-12-02,464448.0,5262292.0,,,,,,S2
37,2022-12-02,464448.0,5262344.0,,,,,,S2
38,2022-12-02,464448.0,5262396.0,,,,,,S2
39,2022-12-02,464448.0,5262448.0,12.0,Upland,S254,225.0,0.96229,S2
40,2022-12-02,464448.0,5262500.0,5.0,Upland,S255,0.008743,1.43197,S2
41,2022-12-02,464448.0,5262552.0,,,,,,S2
42,2022-12-30,464819.0,5262240.0,19.25,Upland,S200,193.3626,6.632267,S2
43,2022-12-30,464819.0,5262292.0,24.0,Upland,S201,115.0966,3.120716,S2
44,2022-12-30,464819.0,5262344.0,24.0,Upland,S202,352.4059,2.16637,S2
45,2022-12-30,464819.0,5262396.0,32.0,Upland,S203,135.0012,7.45287,S2
46,2022-12-30,464819.0,5262448.0,23.5,Upland,S204,254.4066,9.503919,S2
47,2022-12-30,464819.0,5262500.0,25.0,Upland,S205,355.2919,3.051387,S2
48,2022-12-30,464819.0,5262552.0,,,,,,S2
49,2022-12-30,464744.8,5262240.0,,,,,,S2
50,2022-12-30,464744.8,5262292.0,26.0,Lagg,S211,332.3497,0.84887,S2
51,2022-12-30,464744.8,5262344.0,22.5,Lagg,S212,291.1621,2.37949,S2
52,2022-12-30,464744.8,5262396.0,28.0,Bog,S213,120.0787,0.78623,S2
53,2022-12-30,464744.8,5262448.0,32.0,Upland,S214,9.296235,3.98498,S2
54,2022-12-30,464744.8,5262500.0,44.0,Upland,S215,201.5048,1.26977,S2
55,2022-12-30,464744.8,5262552.0,,,,,,S2
56,2022-12-30,464670.6,5262240.0,47.0,Upland,S220,252.4753,2.85169,S2
57,2022-12-30,464670.6,5262292.0,16.0,Bog,S221,200.2377,0.72501,S2
58,2022-12-30,464670.6,5262344.0,29.0,Bog,S222,279.4718,0.43563,S2
59,2022-12-30,464670.6,5262396.0,34.0,Bog,S223,174.7998,0.39548,S2
60,2022-12-30,464670.6,5262448.0,31.0,Lagg,S224,187.7631,3.17706,S2
61,2022-12-30,464670.6,5262500.0,34.0,Lagg,S225,58.388,1.09319,S2
62,2022-12-30,464670.6,5262552.0,35.0,Upland,S226,275.0663,2.38778,S2
63,2022-12-30,464596.4,5262240.0,,,,,,S2
64,2022-12-30,464596.4,5262292.0,,,,,,S2
65,2022-12-30,464596.4,5262344.0,26.0,Lagg,S232,25.94226,14.422,S2
66,2022-12-30,464596.4,5262396.0,32.0,Bog,S233,113.9634,0.70519,S2
67,2022-12-30,464596.4,5262448.0,46.0,Bog,S234,180.0,0.28632,S2
68,2022-12-30,464596.4,5262500.0,37.0,Lagg,S235,105.2713,0.40827,S2
69,2022-12-30,464596.4,5262552.0,29.0,Upland,S236,4.635716,1.32895,S2
70,2022-12-30,464522.2,5262240.0,,,,,,S2
71,2022-12-30,464522.2,5262292.0,,,,,,S2
72,2022-12-30,464522.2,5262344.0,,,,,,S2
73,2022-12-30,464522.2,5262396.0,36.5,Upland,S243,50.67678,8.63669,S2
74,2022-12-30,464522.2,5262448.0,27.5,Upland,S244,355.6789,8.02736,S2
75,2022-12-30,464522.2,5262500.0,33.0,Upland,S245,21.695,3.57951,S2
76,2022-12-30,464522.2,5262552.0,35.0,Upland,S246,308.4806,5.336709,S2
77,2022-12-30,464448.0,5262240.0,,,,,,S2
78,2022-12-30,464448.0,5262292.0,,,,,,S2
79,2022-12-30,464448.0,5262344.0,,,,,,S2
80,2022-12-30,464448.0,5262396.0,,,,,,S2
81,2022-12-30,464448.0,5262448.0,24.5,Upland,S254,225.0,0.96229,S2
82,2022-12-30,464448.0,5262500.0,24.0,Upland,S255,0.008743,1.43197,S2
83,2022-12-30,464448.0,5262552.0,,,,,,S2
84,2023-01-05,464819.0,5262240.0,33.5,Upland,S200,193.3626,6.632267,S2
85,2023-01-05,464819.0,5262292.0,31.0,Upland,S201,115.0966,3.120716,S2
86,2023-01-05,464819.0,5262344.0,25.0,Upland,S202,352.4059,2.16637,S2
87,2023-01-05,464819.0,5262396.0,45.0,Upland,S203,135.0012,7.45287,S2
88,2023-01-05,464819.0,5262448.0,21.0,Upland,S204,254.4066,9.503919,S2
89,2023-01-05,464819.0,5262500.0,34.0,Upland,S205,355.2919,3.051387,S2
90,2023-01-05,464819.0,5262552.0,,,,,,S2
91,2023-01-05,464744.8,5262240.0,,,,,,S2
92,2023-01-05,464744.8,5262292.0,34.0,Lagg,S211,332.3497,0.84887,S2
93,2023-01-05,464744.8,5262344.0,27.5,Lagg,S212,291.1621,2.37949,S2
94,2023-01-05,464744.8,5262396.0,37.0,Bog,S213,120.0787,0.78623,S2
95,2023-01-05,464744.8,5262448.0,34.5,Upland,S214,9.296235,3.98498,S2
96,2023-01-05,464744.8,5262500.0,41.5,Upland,S215,201.5048,1.26977,S2
97,2023-01-05,464744.8,5262552.0,,,,,,S2
98,2023-01-05,464670.6,5262240.0,33.5,Upland,S220,252.4753,2.85169,S2
99,2023-01-05,464670.6,5262292.0,27.0,Bog,S221,200.2377,0.72501,S2
100,2023-01-05,464670.6,5262344.0,41.0,Bog,S222,279.4718,0.43563,S2
101,2023-01-05,464670.6,5262396.0,42.0,Bog,S223,174.7998,0.39548,S2
102,2023-01-05,464670.6,5262448.0,36.0,Lagg,S224,187.7631,3.17706,S2
103,2023-01-05,464670.6,5262500.0,40.5,Lagg,S225,58.388,1.09319,S2
104,2023-01-05,464670.6,5262552.0,33.5,Upland,S226,275.0663,2.38778,S2
105,2023-01-05,464596.4,5262240.0,,,,,,S2
106,2023-01-05,464596.4,5262292.0,,,,,,S2
107,2023-01-05,464596.4,5262344.0,36.5,Lagg,S232,25.94226,14.422,S2
108,2023-01-05,464596.4,5262396.0,36.0,Bog,S233,113.9634,0.70519,S2
109,2023-01-05,464596.4,5262448.0,38.0,Bog,S234,180.0,0.28632,S2
110,2023-01-05,464596.4,5262500.0,46.5,Lagg,S235,105.2713,0.40827,S2
111,2023-01-05,464596.4,5262552.0,37.0,Upland,S236,4.635716,1.32895,S2
112,2023-01-05,464522.2,5262240.0,,,,,,S2
113,2023-01-05,464522.2,5262292.0,,,,,,S2
114,2023-01-05,464522.2,5262344.0,,,,,,S2
115,2023-01-05,464522.2,5262396.0,35.0,Upland,S243,50.67678,8.63669,S2
116,2023-01-05,464522.2,5262448.0,35.5,Upland,S244,355.6789,8.02736,S2
117,2023-01-05,464522.2,5262500.0,37.0,Upland,S245,21.695,3.57951,S2
118,2023-01-05,464522.2,5262552.0,35.0,Upland,S246,308.4806,5.336709,S2
119,2023-01-05,464448.0,5262240.0,,,,,,S2
120,2023-01-05,464448.0,5262292.0,,,,,,S2
121,2023-01-05,464448.0,5262344.0,,,,,,S2
122,2023-01-05,464448.0,5262396.0,,,,,,S2
123,2023-01-05,464448.0,5262448.0,33.0,Upland,S254,225.0,0.96229,S2
124,2023-01-05,464448.0,5262500.0,32.5,Upland,S255,0.008743,1.43197,S2
125,2023-01-05,464448.0,5262552.0,,,,,,S2
126,2023-01-13,464819.0,5262240.0,37.0,Upland,S200,193.3626,6.632267,S2
127,2023-01-13,464819.0,5262292.0,32.0,Upland,S201,115.0966,3.120716,S2
128,2023-01-13,464819.0,5262344.0,22.0,Upland,S202,352.4059,2.16637,S2
129,2023-01-13,464819.0,5262396.0,38.0,Upland,S203,135.0012,7.45287,S2
130,2023-01-13,464819.0,5262448.0,7.0,Upland,S204,254.4066,9.503919,S2
131,2023-01-13,464819.0,5262500.0,26.0,Upland,S205,355.2919,3.051387,S2
132,2023-01-13,464819.0,5262552.0,,,,,,S2
133,2023-01-13,464744.8,5262240.0,,,,,,S2
134,2023-01-13,464744.8,5262292.0,38.0,Lagg,S211,332.3497,0.84887,S2
135,2023-01-13,464744.8,5262344.0,29.0,Lagg,S212,291.1621,2.37949,S2
136,2023-01-13,464744.8,5262396.0,41.0,Bog,S213,120.0787,0.78623,S2
137,2023-01-13,464744.8,5262448.0,31.0,Upland,S214,9.296235,3.98498,S2
138,2023-01-13,464744.8,5262500.0,35.0,Upland,S215,201.5048,1.26977,S2
139,2023-01-13,464744.8,5262552.0,,,,,,S2
140,2023-01-13,464670.6,5262240.0,29.0,Upland,S220,252.4753,2.85169,S2
141,2023-01-13,464670.6,5262292.0,26.0,Bog,S221,200.2377,0.72501,S2
142,2023-01-13,464670.6,5262344.0,38.5,Bog,S222,279.4718,0.43563,S2
143,2023-01-13,464670.6,5262396.0,33.0,Bog,S223,174.7998,0.39548,S2
144,2023-01-13,464670.6,5262448.0,33.0,Lagg,S224,187.7631,3.17706,S2
145,2023-01-13,464670.6,5262500.0,45.0,Lagg,S225,58.388,1.09319,S2
146,2023-01-13,464670.6,5262552.0,34.0,Upland,S226,275.0663,2.38778,S2
147,2023-01-13,464596.4,5262240.0,,,,,,S2
148,2023-01-13,464596.4,5262292.0,,,,,,S2
149,2023-01-13,464596.4,5262344.0,32.0,Lagg,S232,25.94226,14.422,S2
150,2023-01-13,464596.4,5262396.0,28.0,Bog,S233,113.9634,0.70519,S2
151,2023-01-13,464596.4,5262448.0,35.0,Bog,S234,180.0,0.28632,S2
152,2023-01-13,464596.4,5262500.0,33.0,Lagg,S235,105.2713,0.40827,S2
153,2023-01-13,464596.4,5262552.0,33.0,Upland,S236,4.635716,1.32895,S2
154,2023-01-13,464522.2,5262240.0,,,,,,S2
155,2023-01-13,464522.2,5262292.0,,,,,,S2
156,2023-01-13,464522.2,5262344.0,,,,,,S2
157,2023-01-13,464522.2,5262396.0,34.0,Upland,S243,50.67678,8.63669,S2
158,2023-01-13,464522.2,5262448.0,38.0,Upland,S244,355.6789,8.02736,S2
159,2023-01-13,464522.2,5262500.0,36.0,Upland,S245,21.695,3.57951,S2
160,2023-01-13,464522.2,5262552.0,37.0,Upland,S246,308.4806,5.336709,S2
161,2023-01-13,464448.0,5262240.0,,,,,,S2
162,2023-01-13,464448.0,5262292.0,,,,,,S2
163,2023-01-13,464448.0,5262344.0,,,,,,S2
164,2023-01-13,464448.0,5262396.0,,,,,,S2
165,2023-01-13,464448.0,5262448.0,32.0,Upland,S254,225.0,0.96229,S2
166,2023-01-13,464448.0,5262500.0,30.0,Upland,S255,0.008743,1.43197,S2
167,2023-01-13,464448.0,5262552.0,,,,,,S2
168,2023-01-20,464819.0,5262240.0,40.0,Upland,S200,193.3626,6.632267,S2
169,2023-01-20,464819.0,5262292.0,40.0,Upland,S201,115.0966,3.120716,S2
170,2023-01-20,464819.0,5262344.0,28.5,Upland,S202,352.4059,2.16637,S2
171,2023-01-20,464819.0,5262396.0,29.0,Upland,S203,135.0012,7.45287,S2
172,2023-01-20,464819.0,5262448.0,25.0,Upland,S204,254.4066,9.503919,S2
173,2023-01-20,464819.0,5262500.0,33.5,Upland,S205,355.2919,3.051387,S2
174,2023-01-20,464819.0,5262552.0,,,,,,S2
175,2023-01-20,464744.8,5262240.0,,,,,,S2
176,2023-01-20,464744.8,5262292.0,43.5,Lagg,S211,332.3497,0.84887,S2
177,2023-01-20,464744.8,5262344.0,32.0,Lagg,S212,291.1621,2.37949,S2
178,2023-01-20,464744.8,5262396.0,47.0,Bog,S213,120.0787,0.78623,S2
179,2023-01-20,464744.8,5262448.0,36.0,Upland,S214,9.296235,3.98498,S2
180,2023-01-20,464744.8,5262500.0,43.5,Upland,S215,201.5048,1.26977,S2
181,2023-01-20,464744.8,5262552.0,,,,,,S2
182,2023-01-20,464670.6,5262240.0,40.5,Upland,S220,252.4753,2.85169,S2
183,2023-01-20,464670.6,5262292.0,28.5,Bog,S221,200.2377,0.72501,S2
184,2023-01-20,464670.6,5262344.0,41.5,Bog,S222,279.4718,0.43563,S2
185,2023-01-20,464670.6,5262396.0,44.5,Bog,S223,174.7998,0.39548,S2
186,2023-01-20,464670.6,5262448.0,46.0,Lagg,S224,187.7631,3.17706,S2
187,2023-01-20,464670.6,5262500.0,42.0,Lagg,S225,58.388,1.09319,S2
188,2023-01-20,464670.6,5262552.0,40.0,Upland,S226,275.0663,2.38778,S2
189,2023-01-20,464596.4,5262240.0,,,,,,S2
190,2023-01-20,464596.4,5262292.0,,,,,,S2
191,2023-01-20,464596.4,5262344.0,37.0,Lagg,S232,25.94226,14.422,S2
192,2023-01-20,464596.4,5262396.0,43.0,Bog,S233,113.9634,0.70519,S2
193,2023-01-20,464596.4,5262448.0,36.0,Bog,S234,180.0,0.28632,S2
194,2023-01-20,464596.4,5262500.0,49.5,Lagg,S235,105.2713,0.40827,S2
195,2023-01-20,464596.4,5262552.0,42.0,Upland,S236,4.635716,1.32895,S2
196,2023-01-20,464522.2,5262240.0,,,,,,S2
197,2023-01-20,464522.2,5262292.0,,,,,,S2
198,2023-01-20,464522.2,5262344.0,,,,,,S2
199,2023-01-20,464522.2,5262396.0,33.5,Upland,S243,50.67678,8.63669,S2
200,2023-01-20,464522.2,5262448.0,40.5,Upland,S244,355.6789,8.02736,S2
201,2023-01-20,464522.2,5262500.0,37.5,Upland,S245,21.695,3.57951,S2
202,2023-01-20,464522.2,5262552.0,36.0,Upland,S246,308.4806,5.336709,S2
203,2023-01-20,464448.0,5262240.0,,,,,,S2
204,2023-01-20,464448.0,5262292.0,,,,,,S2
205,2023-01-20,464448.0,5262344.0,,,,,,S2
206,2023-01-20,464448.0,5262396.0,,,,,,S2
207,2023-01-20,464448.0,5262448.0,38.5,Upland,S254,225.0,0.96229,S2
208,2023-01-20,464448.0,5262500.0,36.0,Upland,S255,0.008743,1.43197,S2
209,2023-01-20,464448.0,5262552.0,,,,,,S2
210,2023-02-01,464819.0,5262240.0,41.5,Upland,S200,193.3626,6.632267,S2
211,2023-02-01,464819.0,5262292.0,39.5,Upland,S201,115.0966,3.120716,S2
212,2023-02-01,464819.0,5262344.0,27.75,Upland,S202,352.4059,2.16637,S2
213,2023-02-01,464819.0,5262396.0,30.5,Upland,S203,135.0012,7.45287,S2
214,2023-02-01,464819.0,5262448.0,25.0,Upland,S204,254.4066,9.503919,S2
215,2023-02-01,464819.0,5262500.0,35.75,Upland,S205,355.2919,3.051387,S2
216,2023-02-01,464819.0,5262552.0,,,,,,S2
217,2023-02-01,464744.8,5262240.0,,,,,,S2
218,2023-02-01,464744.8,5262292.0,42.25,Lagg,S211,332.3497,0.84887,S2
219,2023-02-01,464744.8,5262344.0,34.0,Lagg,S212,291.1621,2.37949,S2
220,2023-02-01,464744.8,5262396.0,39.0,Bog,S213,120.0787,0.78623,S2
221,2023-02-01,464744.8,5262448.0,37.0,Upland,S214,9.296235,3.98498,S2
222,2023-02-01,464744.8,5262500.0,35.75,Upland,S215,201.5048,1.26977,S2
223,2023-02-01,464744.8,5262552.0,,,,,,S2
224,2023-02-01,464670.6,5262240.0,40.75,Upland,S220,252.4753,2.85169,S2
225,2023-02-01,464670.6,5262292.0,29.75,Bog,S221,200.2377,0.72501,S2
226,2023-02-01,464670.6,5262344.0,42.25,Bog,S222,279.4718,0.43563,S2
227,2023-02-01,464670.6,5262396.0,45.25,Bog,S223,174.7998,0.39548,S2
228,2023-02-01,464670.6,5262448.0,42.5,Lagg,S224,187.7631,3.17706,S2
229,2023-02-01,464670.6,5262500.0,49.0,Lagg,S225,58.388,1.09319,S2
230,2023-02-01,464670.6,5262552.0,40.0,Upland,S226,275.0663,2.38778,S2
231,2023-02-01,464596.4,5262240.0,,,,,,S2
232,2023-02-01,464596.4,5262292.0,,,,,,S2
233,2023-02-01,464596.4,5262344.0,39.0,Lagg,S232,25.94226,14.422,S2
234,2023-02-01,464596.4,5262396.0,44.0,Bog,S233,113.9634,0.70519,S2
235,2023-02-01,464596.4,5262448.0,38.5,Bog,S234,180.0,0.28632,S2
236,2023-02-01,464596.4,5262500.0,45.75,Lagg,S235,105.2713,0.40827,S2
237,2023-02-01,464596.4,5262552.0,42.5,Upland,S236,4.635716,1.32895,S2
238,2023-02-01,464522.2,5262240.0,,,,,,S2
239,2023-02-01,464522.2,5262292.0,,,,,,S2
240,2023-02-01,464522.2,5262344.0,,,,,,S2
241,2023-02-01,464522.2,5262396.0,38.25,Upland,S243,50.67678,8.63669,S2
242,2023-02-01,464522.2,5262448.0,43.25,Upland,S244,355.6789,8.02736,S2
243,2023-02-01,464522.2,5262500.0,40.25,Upland,S245,21.695,3.57951,S2
244,2023-02-01,464522.2,5262552.0,40.0,Upland,S246,308.4806,5.336709,S2
245,2023-02-01,464448.0,5262240.0,,,,,,S2
246,2023-02-01,464448.0,5262292.0,,,,,,S2
247,2023-02-01,464448.0,5262344.0,,,,,,S2
248,2023-02-01,464448.0,5262396.0,,,,,,S2
249,2023-02-01,464448.0,5262448.0,38.75,Upland,S254,225.0,0.96229,S2
250,2023-02-01,464448.0,5262500.0,37.0,Upland,S255,0.008743,1.43197,S2
251,2023-02-01,464448.0,5262552.0,,,,,,S2
252,2023-02-10,464819.0,5262240.0,43.0,Upland,S200,193.3626,6.632267,S2
253,2023-02-10,464819.0,5262292.0,39.0,Upland,S201,115.0966,3.120716,S2
254,2023-02-10,464819.0,5262344.0,27.0,Upland,S202,352.4059,2.16637,S2
255,2023-02-10,464819.0,5262396.0,32.0,Upland,S203,135.0012,7.45287,S2
256,2023-02-10,464819.0,5262448.0,25.0,Upland,S204,254.4066,9.503919,S2
257,2023-02-10,464819.0,5262500.0,38.0,Upland,S205,355.2919,3.051387,S2
258,2023-02-10,464819.0,5262552.0,,,,,,S2
259,2023-02-10,464744.8,5262240.0,,,,,,S2
260,2023-02-10,464744.8,5262292.0,41.0,Lagg,S211,332.3497,0.84887,S2
261,2023-02-10,464744.8,5262344.0,36.0,Lagg,S212,291.1621,2.37949,S2
262,2023-02-10,464744.8,5262396.0,31.0,Bog,S213,120.0787,0.78623,S2
263,2023-02-10,464744.8,5262448.0,38.0,Upland,S214,9.296235,3.98498,S2
264,2023-02-10,464744.8,5262500.0,48.0,Upland,S215,201.5048,1.26977,S2
265,2023-02-10,464744.8,5262552.0,,,,,,S2
266,2023-02-10,464670.6,5262240.0,41.0,Upland,S220,252.4753,2.85169,S2
267,2023-02-10,464670.6,5262292.0,31.0,Bog,S221,200.2377,0.72501,S2
268,2023-02-10,464670.6,5262344.0,43.0,Bog,S222,279.4718,0.43563,S2
269,2023-02-10,464670.6,5262396.0,46.0,Bog,S223,174.7998,0.39548,S2
270,2023-02-10,464670.6,5262448.0,39.0,Lagg,S224,187.7631,3.17706,S2
271,2023-02-10,464670.6,5262500.0,56.0,Lagg,S225,58.388,1.09319,S2
272,2023-02-10,464670.6,5262552.0,40.0,Upland,S226,275.0663,2.38778,S2
273,2023-02-10,464596.4,5262240.0,,,,,,S2
274,2023-02-10,464596.4,5262292.0,,,,,,S2
275,2023-02-10,464596.4,5262344.0,41.0,Lagg,S232,25.94226,14.422,S2
276,2023-02-10,464596.4,5262396.0,45.0,Bog,S233,113.9634,0.70519,S2
277,2023-02-10,464596.4,5262448.0,41.0,Bog,S234,180.0,0.28632,S2
278,2023-02-10,464596.4,5262500.0,42.0,Lagg,S235,105.2713,0.40827,S2
279,2023-02-10,464596.4,5262552.0,43.0,Upland,S236,4.635716,1.32895,S2
280,2023-02-10,464522.2,5262240.0,,,,,,S2
281,2023-02-10,464522.2,5262292.0,,,,,,S2
282,2023-02-10,464522.2,5262344.0,,,,,,S2
283,2023-02-10,464522.2,5262396.0,43.0,Upland,S243,50.67678,8.63669,S2
284,2023-02-10,464522.2,5262448.0,46.0,Upland,S244,355.6789,8.02736,S2
285,2023-02-10,464522.2,5262500.0,44.0,Upland,S245,21.695,3.57951,S2
286,2023-02-10,464522.2,5262552.0,44.0,Upland,S246,308.4806,5.336709,S2
287,2023-02-10,464448.0,5262240.0,,,,,,S2
288,2023-02-10,464448.0,5262292.0,,,,,,S2
289,2023-02-10,464448.0,5262344.0,,,,,,S2
290,2023-02-10,464448.0,5262396.0,,,,,,S2
291,2023-02-10,464448.0,5262448.0,39.0,Upland,S254,225.0,0.96229,S2
292,2023-02-10,464448.0,5262500.0,38.0,Upland,S255,0.008743,1.43197,S2
293,2023-02-10,464448.0,5262552.0,,,,,,S2
294,2023-02-17,464819.0,5262240.0,29.0,Upland,S200,193.3626,6.632267,S2
295,2023-02-17,464819.0,5262292.0,34.0,Upland,S201,115.0966,3.120716,S2
296,2023-02-17,464819.0,5262344.0,26.0,Upland,S202,352.4059,2.16637,S2
297,2023-02-17,464819.0,5262396.0,28.0,Upland,S203,135.0012,7.45287,S2
298,2023-02-17,464819.0,5262448.0,15.0,Upland,S204,254.4066,9.503919,S2
299,2023-02-17,464819.0,5262500.0,35.0,Upland,S205,355.2919,3.051387,S2
300,2023-02-17,464819.0,5262552.0,,,,,,S2
301,2023-02-17,464744.8,5262240.0,,,,,,S2
302,2023-02-17,464744.8,5262292.0,51.0,Lagg,S211,332.3497,0.84887,S2
303,2023-02-17,464744.8,5262344.0,28.0,Lagg,S212,291.1621,2.37949,S2
304,2023-02-17,464744.8,5262396.0,37.0,Bog,S213,120.0787,0.78623,S2
305,2023-02-17,464744.8,5262448.0,36.0,Upland,S214,9.296235,3.98498,S2
306,2023-02-17,464744.8,5262500.0,38.0,Upland,S215,201.5048,1.26977,S2
307,2023-02-17,464744.8,5262552.0,,,,,,S2
308,2023-02-17,464670.6,5262240.0,44.0,Upland,S220,252.4753,2.85169,S2
309,2023-02-17,464670.6,5262292.0,34.5,Bog,S221,200.2377,0.72501,S2
310,2023-02-17,464670.6,5262344.0,30.0,Bog,S222,279.4718,0.43563,S2
311,2023-02-17,464670.6,5262396.0,37.0,Bog,S223,174.7998,0.39548,S2
312,2023-02-17,464670.6,5262448.0,39.0,Lagg,S224,187.7631,3.17706,S2
313,2023-02-17,464670.6,5262500.0,47.0,Lagg,S225,58.388,1.09319,S2
314,2023-02-17,464670.6,5262552.0,35.0,Upland,S226,275.0663,2.38778,S2
315,2023-02-17,464596.4,5262240.0,,,,,,S2
316,2023-02-17,464596.4,5262292.0,,,,,,S2
317,2023-02-17,464596.4,5262344.0,39.0,Lagg,S232,25.94226,14.422,S2
318,2023-02-17,464596.4,5262396.0,41.0,Bog,S233,113.9634,0.70519,S2
319,2023-02-17,464596.4,5262448.0,49.0,Bog,S234,180.0,0.28632,S2
320,2023-02-17,464596.4,5262500.0,42.0,Lagg,S235,105.2713,0.40827,S2
321,2023-02-17,464596.4,5262552.0,40.0,Upland,S236,4.635716,1.32895,S2
322,2023-02-17,464522.2,5262240.0,,,,,,S2
323,2023-02-17,464522.2,5262292.0,,,,,,S2
324,2023-02-17,464522.2,5262344.0,,,,,,S2
325,2023-02-17,464522.2,5262396.0,40.0,Upland,S243,50.67678,8.63669,S2
326,2023-02-17,464522.2,5262448.0,45.0,Upland,S244,355.6789,8.02736,S2
327,2023-02-17,464522.2,5262500.0,42.0,Upland,S245,21.695,3.57951,S2
328,2023-02-17,464522.2,5262552.0,40.0,Upland,S246,308.4806,5.336709,S2
329,2023-02-17,464448.0,5262240.0,,,,,,S2
330,2023-02-17,464448.0,5262292.0,,,,,,S2
331,2023-02-17,464448.0,5262344.0,,,,,,S2
332,2023-02-17,464448.0,5262396.0,,,,,,S2
333,2023-02-17,464448.0,5262448.0,37.0,Upland,S254,225.0,0.96229,S2
334,2023-02-17,464448.0,5262500.0,32.0,Upland,S255,0.008743,1.43197,S2
335,2023-02-17,464448.0,5262552.0,,,,,,S2
336,2023-02-24,464819.0,5262240.0,45.0,Upland,S200,193.3626,6.632267,S2
337,2023-02-24,464819.0,5262292.0,41.0,Upland,S201,115.0966,3.120716,S2
338,2023-02-24,464819.0,5262344.0,32.0,Upland,S202,352.4059,2.16637,S2
339,2023-02-24,464819.0,5262396.0,42.0,Upland,S203,135.0012,7.45287,S2
340,2023-02-24,464819.0,5262448.0,31.0,Upland,S204,254.4066,9.503919,S2
341,2023-02-24,464819.0,5262500.0,44.0,Upland,S205,355.2919,3.051387,S2
342,2023-02-24,464819.0,5262552.0,,,,,,S2
343,2023-02-24,464744.8,5262240.0,,,,,,S2
344,2023-02-24,464744.8,5262292.0,50.0,Lagg,S211,332.3497,0.84887,S2
345,2023-02-24,464744.8,5262344.0,41.0,Lagg,S212,291.1621,2.37949,S2
346,2023-02-24,464744.8,5262396.0,52.0,Bog,S213,120.0787,0.78623,S2
347,2023-02-24,464744.8,5262448.0,30.0,Upland,S214,9.296235,3.98498,S2
348,2023-02-24,464744.8,5262500.0,52.0,Upland,S215,201.5048,1.26977,S2
349,2023-02-24,464744.8,5262552.0,,,,,,S2
350,2023-02-24,464670.6,5262240.0,52.0,Upland,S220,252.4753,2.85169,S2
351,2023-02-24,464670.6,5262292.0,38.0,Bog,S221,200.2377,0.72501,S2
352,2023-02-24,464670.6,5262344.0,49.0,Bog,S222,279.4718,0.43563,S2
353,2023-02-24,464670.6,5262396.0,52.0,Bog,S223,174.7998,0.39548,S2
354,2023-02-24,464670.6,5262448.0,46.0,Lagg,S224,187.7631,3.17706,S2
355,2023-02-24,464670.6,5262500.0,53.0,Lagg,S225,58.388,1.09319,S2
356,2023-02-24,464670.6,5262552.0,44.0,Upland,S226,275.0663,2.38778,S2
357,2023-02-24,464596.4,5262240.0,,,,,,S2
358,2023-02-24,464596.4,5262292.0,,,,,,S2
359,2023-02-24,464596.4,5262344.0,52.0,Lagg,S232,25.94226,14.422,S2
360,2023-02-24,464596.4,5262396.0,49.0,Bog,S233,113.9634,0.70519,S2
361,2023-02-24,464596.4,5262448.0,61.0,Bog,S234,180.0,0.28632,S2
362,2023-02-24,464596.4,5262500.0,56.0,Lagg,S235,105.2713,0.40827,S2
363,2023-02-24,464596.4,5262552.0,46.0,Upland,S236,4.635716,1.32895,S2
364,2023-02-24,464522.2,5262240.0,,,,,,S2
365,2023-02-24,464522.2,5262292.0,,,,,,S2
366,2023-02-24,464522.2,5262344.0,,,,,,S2
367,2023-02-24,464522.2,5262396.0,44.0,Upland,S243,50.67678,8.63669,S2
368,2023-02-24,464522.2,5262448.0,49.0,Upland,S244,355.6789,8.02736,S2
369,2023-02-24,464522.2,5262500.0,48.0,Upland,S245,21.695,3.57951,S2
370,2023-02-24,464522.2,5262552.0,50.0,Upland,S246,308.4806,5.336709,S2
371,2023-02-24,464448.0,5262240.0,,,,,,S2
372,2023-02-24,464448.0,5262292.0,,,,,,S2
373,2023-02-24,464448.0,5262344.0,,,,,,S2
374,2023-02-24,464448.0,5262396.0,,,,,,S2
375,2023-02-24,464448.0,5262448.0,44.0,Upland,S254,225.0,0.96229,S2
376,2023-02-24,464448.0,5262500.0,46.0,Upland,S255,0.008743,1.43197,S2
377,2023-02-24,464448.0,5262552.0,,,,,,S2
378,2023-03-09,464819.0,5262240.0,43.0,Upland,S200,193.3626,6.632267,S2
379,2023-03-09,464819.0,5262292.0,48.0,Upland,S201,115.0966,3.120716,S2
380,2023-03-09,464819.0,5262344.0,29.5,Upland,S202,352.4059,2.16637,S2
381,2023-03-09,464819.0,5262396.0,29.0,Upland,S203,135.0012,7.45287,S2
382,2023-03-09,464819.0,5262448.0,29.0,Upland,S204,254.4066,9.503919,S2
383,2023-03-09,464819.0,5262500.0,39.0,Upland,S205,355.2919,3.051387,S2
384,2023-03-09,464819.0,5262552.0,,,,,,S2
385,2023-03-09,464744.8,5262240.0,,,,,,S2
386,2023-03-09,464744.8,5262292.0,39.0,Lagg,S211,332.3497,0.84887,S2
387,2023-03-09,464744.8,5262344.0,30.0,Lagg,S212,291.1621,2.37949,S2
388,2023-03-09,464744.8,5262396.0,62.5,Bog,S213,120.0787,0.78623,S2
389,2023-03-09,464744.8,5262448.0,45.5,Upland,S214,9.296235,3.98498,S2
390,2023-03-09,464744.8,5262500.0,22.0,Upland,S215,201.5048,1.26977,S2
391,2023-03-09,464744.8,5262552.0,,,,,,S2
392,2023-03-09,464670.6,5262240.0,53.0,Upland,S220,252.4753,2.85169,S2
393,2023-03-09,464670.6,5262292.0,27.0,Bog,S221,200.2377,0.72501,S2
394,2023-03-09,464670.6,5262344.0,46.0,Bog,S222,279.4718,0.43563,S2
395,2023-03-09,464670.6,5262396.0,46.0,Bog,S223,174.7998,0.39548,S2
396,2023-03-09,464670.6,5262448.0,45.0,Lagg,S224,187.7631,3.17706,S2
397,2023-03-09,464670.6,5262500.0,57.0,Lagg,S225,58.388,1.09319,S2
398,2023-03-09,464670.6,5262552.0,41.0,Upland,S226,275.0663,2.38778,S2
399,2023-03-09,464596.4,5262240.0,,,,,,S2
400,2023-03-09,464596.4,5262292.0,,,,,,S2
401,2023-03-09,464596.4,5262344.0,51.5,Lagg,S232,25.94226,14.422,S2
402,2023-03-09,464596.4,5262396.0,47.0,Bog,S233,113.9634,0.70519,S2
403,2023-03-09,464596.4,5262448.0,54.0,Bog,S234,180.0,0.28632,S2
404,2023-03-09,464596.4,5262500.0,60.0,Lagg,S235,105.2713,0.40827,S2
405,2023-03-09,464596.4,5262552.0,48.0,Upland,S236,4.635716,1.32895,S2
406,2023-03-09,464522.2,5262240.0,,,,,,S2
407,2023-03-09,464522.2,5262292.0,,,,,,S2
408,2023-03-09,464522.2,5262344.0,,,,,,S2
409,2023-03-09,464522.2,5262396.0,41.5,Upland,S243,50.67678,8.63669,S2
410,2023-03-09,464522.2,5262448.0,47.5,Upland,S244,355.6789,8.02736,S2
411,2023-03-09,464522.2,5262500.0,48.5,Upland,S245,21.695,3.57951,S2
412,2023-03-09,464522.2,5262552.0,48.0,Upland,S246,308.4806,5.336709,S2
413,2023-03-09,464448.0,5262240.0,,,,,,S2
414,2023-03-09,464448.0,5262292.0,,,,,,S2
415,2023-03-09,464448.0,5262344.0,,,,,,S2
416,2023-03-09,464448.0,5262396.0,,,,,,S2
417,2023-03-09,464448.0,5262448.0,46.0,Upland,S254,225.0,0.96229,S2
418,2023-03-09,464448.0,5262500.0,38.0,Upland,S255,0.008743,1.43197,S2
419,2023-03-09,464448.0,5262552.0,,,,,,S2
420,2023-03-17,464819.0,5262240.0,53.0,Upland,S200,193.3626,6.632267,S2
421,2023-03-17,464819.0,5262292.0,49.0,Upland,S201,115.0966,3.120716,S2
422,2023-03-17,464819.0,5262344.0,33.0,Upland,S202,352.4059,2.16637,S2
423,2023-03-17,464819.0,5262396.0,38.0,Upland,S203,135.0012,7.45287,S2
424,2023-03-17,464819.0,5262448.0,36.0,Upland,S204,254.4066,9.503919,S2
425,2023-03-17,464819.0,5262500.0,55.0,Upland,S205,355.2919,3.051387,S2
426,2023-03-17,464819.0,5262552.0,,,,,,S2
427,2023-03-17,464744.8,5262240.0,,,,,,S2
428,2023-03-17,464744.8,5262292.0,60.0,Lagg,S211,332.3497,0.84887,S2
429,2023-03-17,464744.8,5262344.0,51.0,Lagg,S212,291.1621,2.37949,S2
430,2023-03-17,464744.8,5262396.0,41.0,Bog,S213,120.0787,0.78623,S2
431,2023-03-17,464744.8,5262448.0,58.0,Upland,S214,9.296235,3.98498,S2
432,2023-03-17,464744.8,5262500.0,76.0,Upland,S215,201.5048,1.26977,S2
433,2023-03-17,464744.8,5262552.0,,,,,,S2
434,2023-03-17,464670.6,5262240.0,64.0,Upland,S220,252.4753,2.85169,S2
435,2023-03-17,464670.6,5262292.0,49.0,Bog,S221,200.2377,0.72501,S2
436,2023-03-17,464670.6,5262344.0,60.0,Bog,S222,279.4718,0.43563,S2
437,2023-03-17,464670.6,5262396.0,59.0,Bog,S223,174.7998,0.39548,S2
438,2023-03-17,464670.6,5262448.0,62.0,Lagg,S224,187.7631,3.17706,S2
439,2023-03-17,464670.6,5262500.0,61.0,Lagg,S225,58.388,1.09319,S2
440,2023-03-17,464670.6,5262552.0,54.0,Upland,S226,275.0663,2.38778,S2
441,2023-03-17,464596.4,5262240.0,,,,,,S2
442,2023-03-17,464596.4,5262292.0,,,,,,S2
443,2023-03-17,464596.4,5262344.0,55.0,Lagg,S232,25.94226,14.422,S2
444,2023-03-17,464596.4,5262396.0,60.0,Bog,S233,113.9634,0.70519,S2
445,2023-03-17,464596.4,5262448.0,66.0,Bog,S234,180.0,0.28632,S2
446,2023-03-17,464596.4,5262500.0,68.0,Lagg,S235,105.2713,0.40827,S2
447,2023-03-17,464596.4,5262552.0,57.0,Upland,S236,4.635716,1.32895,S2
448,2023-03-17,464522.2,5262240.0,,,,,,S2
449,2023-03-17,464522.2,5262292.0,,,,,,S2
450,2023-03-17,464522.2,5262344.0,,,,,,S2
451,2023-03-17,464522.2,5262396.0,60.0,Upland,S243,50.67678,8.63669,S2
452,2023-03-17,464522.2,5262448.0,60.0,Upland,S244,355.6789,8.02736,S2
453,2023-03-17,464522.2,5262500.0,52.0,Upland,S245,21.695,3.57951,S2
454,2023-03-17,464522.2,5262552.0,59.0,Upland,S246,308.4806,5.336709,S2
455,2023-03-17,464448.0,5262240.0,,,,,,S2
456,2023-03-17,464448.0,5262292.0,,,,,,S2
457,2023-03-17,464448.0,5262344.0,,,,,,S2
458,2023-03-17,464448.0,5262396.0,,,,,,S2
459,2023-03-17,464448.0,5262448.0,60.0,Upland,S254,225.0,0.96229,S2
460,2023-03-17,464448.0,5262500.0,53.0,Upland,S255,0.008743,1.43197,S2
461,2023-03-17,464448.0,5262552.0,,,,,,S2
462,2023-03-24,464819.0,5262240.0,70.0,Upland,S200,193.3626,6.632267,S2
463,2023-03-24,464819.0,5262292.0,59.0,Upland,S201,115.0966,3.120716,S2
464,2023-03-24,464819.0,5262344.0,33.0,Upland,S202,352.4059,2.16637,S2
465,2023-03-24,464819.0,5262396.0,38.0,Upland,S203,135.0012,7.45287,S2
466,2023-03-24,464819.0,5262448.0,34.0,Upland,S204,254.4066,9.503919,S2
467,2023-03-24,464819.0,5262500.0,62.0,Upland,S205,355.2919,3.051387,S2
468,2023-03-24,464819.0,5262552.0,,,,,,S2
469,2023-03-24,464744.8,5262240.0,,,,,,S2
470,2023-03-24,464744.8,5262292.0,57.0,Lagg,S211,332.3497,0.84887,S2
471,2023-03-24,464744.8,5262344.0,58.0,Lagg,S212,291.1621,2.37949,S2
472,2023-03-24,464744.8,5262396.0,78.0,Bog,S213,120.0787,0.78623,S2
473,2023-03-24,464744.8,5262448.0,60.0,Upland,S214,9.296235,3.98498,S2
474,2023-03-24,464744.8,5262500.0,73.0,Upland,S215,201.5048,1.26977,S2
475,2023-03-24,464744.8,5262552.0,,,,,,S2
476,2023-03-24,464670.6,5262240.0,68.0,Upland,S220,252.4753,2.85169,S2
477,2023-03-24,464670.6,5262292.0,56.0,Bog,S221,200.2377,0.72501,S2
478,2023-03-24,464670.6,5262344.0,63.0,Bog,S222,279.4718,0.43563,S2
479,2023-03-24,464670.6,5262396.0,69.0,Bog,S223,174.7998,0.39548,S2
480,2023-03-24,464670.6,5262448.0,60.0,Lagg,S224,187.7631,3.17706,S2
481,2023-03-24,464670.6,5262500.0,50.0,Lagg,S225,58.388,1.09319,S2
482,2023-03-24,464670.6,5262552.0,59.0,Upland,S226,275.0663,2.38778,S2
483,2023-03-24,464596.4,5262240.0,,,,,,S2
484,2023-03-24,464596.4,5262292.0,,,,,,S2
485,2023-03-24,464596.4,5262344.0,66.0,Lagg,S232,25.94226,14.422,S2
486,2023-03-24,464596.4,5262396.0,68.0,Bog,S233,113.9634,0.70519,S2
487,2023-03-24,464596.4,5262448.0,70.0,Bog,S234,180.0,0.28632,S2
488,2023-03-24,464596.4,5262500.0,75.0,Lagg,S235,105.2713,0.40827,S2
489,2023-03-24,464596.4,5262552.0,56.5,Upland,S236,4.635716,1.32895,S2
490,2023-03-24,464522.2,5262240.0,,,,,,S2
491,2023-03-24,464522.2,5262292.0,,,,,,S2
492,2023-03-24,464522.2,5262344.0,,,,,,S2
493,2023-03-24,464522.2,5262396.0,66.0,Upland,S243,50.67678,8.63669,S2
494,2023-03-24,464522.2,5262448.0,65.0,Upland,S244,355.6789,8.02736,S2
495,2023-03-24,464522.2,5262500.0,55.0,Upland,S245,21.695,3.57951,S2
496,2023-03-24,464522.2,5262552.0,65.0,Upland,S246,308.4806,5.336709,S2
497,2023-03-24,464448.0,5262240.0,,,,,,S2
498,2023-03-24,464448.0,5262292.0,,,,,,S2
499,2023-03-24,464448.0,5262344.0,,,,,,S2
500,2023-03-24,464448.0,5262396.0,,,,,,S2
501,2023-03-24,464448.0,5262448.0,59.0,Upland,S254,225.0,0.96229,S2
502,2023-03-24,464448.0,5262500.0,57.0,Upland,S255,0.008743,1.43197,S2
503,2023-03-24,464448.0,5262552.0,,,,,,S2
504,2023-03-31,464819.0,5262240.0,53.0,Upland,S200,193.3626,6.632267,S2
505,2023-03-31,464819.0,5262292.0,45.0,Upland,S201,115.0966,3.120716,S2
506,2023-03-31,464819.0,5262344.0,29.0,Upland,S202,352.4059,2.16637,S2
507,2023-03-31,464819.0,5262396.0,49.0,Upland,S203,135.0012,7.45287,S2
508,2023-03-31,464819.0,5262448.0,20.0,Upland,S204,254.4066,9.503919,S2
509,2023-03-31,464819.0,5262500.0,57.0,Upland,S205,355.2919,3.051387,S2
510,2023-03-31,464819.0,5262552.0,,,,,,S2
511,2023-03-31,464744.8,5262240.0,,,,,,S2
512,2023-03-31,464744.8,5262292.0,64.0,Lagg,S211,332.3497,0.84887,S2
513,2023-03-31,464744.8,5262344.0,50.0,Lagg,S212,291.1621,2.37949,S2
514,2023-03-31,464744.8,5262396.0,76.0,Bog,S213,120.0787,0.78623,S2
515,2023-03-31,464744.8,5262448.0,53.0,Upland,S214,9.296235,3.98498,S2
516,2023-03-31,464744.8,5262500.0,59.0,Upland,S215,201.5048,1.26977,S2
517,2023-03-31,464744.8,5262552.0,,,,,,S2
518,2023-03-31,464670.6,5262240.0,44.0,Upland,S220,252.4753,2.85169,S2
519,2023-03-31,464670.6,5262292.0,50.0,Bog,S221,200.2377,0.72501,S2
520,2023-03-31,464670.6,5262344.0,57.0,Bog,S222,279.4718,0.43563,S2
521,2023-03-31,464670.6,5262396.0,64.0,Bog,S223,174.7998,0.39548,S2
522,2023-03-31,464670.6,5262448.0,64.0,Lagg,S224,187.7631,3.17706,S2
523,2023-03-31,464670.6,5262500.0,51.0,Lagg,S225,58.388,1.09319,S2
524,2023-03-31,464670.6,5262552.0,53.0,Upland,S226,275.0663,2.38778,S2
525,2023-03-31,464596.4,5262240.0,,,,,,S2
526,2023-03-31,464596.4,5262292.0,,,,,,S2
527,2023-03-31,464596.4,5262344.0,53.0,Lagg,S232,25.94226,14.422,S2
528,2023-03-31,464596.4,5262396.0,44.0,Bog,S233,113.9634,0.70519,S2
529,2023-03-31,464596.4,5262448.0,62.0,Bog,S234,180.0,0.28632,S2
530,2023-03-31,464596.4,5262500.0,66.0,Lagg,S235,105.2713,0.40827,S2
531,2023-03-31,464596.4,5262552.0,54.0,Upland,S236,4.635716,1.32895,S2
532,2023-03-31,464522.2,5262240.0,,,,,,S2
533,2023-03-31,464522.2,5262292.0,,,,,,S2
534,2023-03-31,464522.2,5262344.0,,,,,,S2
535,2023-03-31,464522.2,5262396.0,62.0,Upland,S243,50.67678,8.63669,S2
536,2023-03-31,464522.2,5262448.0,60.0,Upland,S244,355.6789,8.02736,S2
537,2023-03-31,464522.2,5262500.0,59.0,Upland,S245,21.695,3.57951,S2
538,2023-03-31,464522.2,5262552.0,57.0,Upland,S246,308.4806,5.336709,S2
539,2023-03-31,464448.0,5262240.0,,,,,,S2
540,2023-03-31,464448.0,5262292.0,,,,,,S2
541,2023-03-31,464448.0,5262344.0,,,,,,S2
542,2023-03-31,464448.0,5262396.0,,,,,,S2
543,2023-03-31,464448.0,5262448.0,48.0,Upland,S254,225.0,0.96229,S2
544,2023-03-31,464448.0,5262500.0,54.0,Upland,S255,0.008743,1.43197,S2
545,2023-03-31,464448.0,5262552.0,,,,,,S2
546,2023-04-14,464819.0,5262240.0,0.0,Upland,S200,193.3626,6.632267,S2
547,2023-04-14,464819.0,5262292.0,0.0,Upland,S201,115.0966,3.120716,S2
548,2023-04-14,464819.0,5262344.0,0.0,Upland,S202,352.4059,2.16637,S2
549,2023-04-14,464819.0,5262396.0,0.0,Upland,S203,135.0012,7.45287,S2
550,2023-04-14,464819.0,5262448.0,0.0,Upland,S204,254.4066,9.503919,S2
551,2023-04-14,464819.0,5262500.0,6.0,Upland,S205,355.2919,3.051387,S2
552,2023-04-14,464819.0,5262552.0,,,,,,S2
553,2023-04-14,464744.8,5262240.0,,,,,,S2
554,2023-04-14,464744.8,5262292.0,7.0,Lagg,S211,332.3497,0.84887,S2
555,2023-04-14,464744.8,5262344.0,10.0,Lagg,S212,291.1621,2.37949,S2
556,2023-04-14,464744.8,5262396.0,21.0,Bog,S213,120.0787,0.78623,S2
557,2023-04-14,464744.8,5262448.0,2.0,Upland,S214,9.296235,3.98498,S2
558,2023-04-14,464744.8,5262500.0,10.0,Upland,S215,201.5048,1.26977,S2
559,2023-04-14,464744.8,5262552.0,,,,,,S2
560,2023-04-14,464670.6,5262240.0,0.0,Upland,S220,252.4753,2.85169,S2
561,2023-04-14,464670.6,5262292.0,17.0,Bog,S221,200.2377,0.72501,S2
562,2023-04-14,464670.6,5262344.0,26.0,Bog,S222,279.4718,0.43563,S2
563,2023-04-14,464670.6,5262396.0,25.0,Bog,S223,174.7998,0.39548,S2
564,2023-04-14,464670.6,5262448.0,35.0,Lagg,S224,187.7631,3.17706,S2
565,2023-04-14,464670.6,5262500.0,34.0,Lagg,S225,58.388,1.09319,S2
566,2023-04-14,464670.6,5262552.0,0.0,Upland,S226,275.0663,2.38778,S2
567,2023-04-14,464596.4,5262240.0,,,,,,S2
568,2023-04-14,464596.4,5262292.0,,,,,,S2
569,2023-04-14,464596.4,5262344.0,22.0,Lagg,S232,25.94226,14.422,S2
570,2023-04-14,464596.4,5262396.0,18.0,Bog,S233,113.9634,0.70519,S2
571,2023-04-14,464596.4,5262448.0,29.0,Bog,S234,180.0,0.28632,S2
572,2023-04-14,464596.4,5262500.0,26.0,Lagg,S235,105.2713,0.40827,S2
573,2023-04-14,464596.4,5262552.0,13.0,Upland,S236,4.635716,1.32895,S2
574,2023-04-14,464522.2,5262240.0,,,,,,S2
575,2023-04-14,464522.2,5262292.0,,,,,,S2
576,2023-04-14,464522.2,5262344.0,,,,,,S2
577,2023-04-14,464522.2,5262396.0,15.0,Upland,S243,50.67678,8.63669,S2
578,2023-04-14,464522.2,5262448.0,18.0,Upland,S244,355.6789,8.02736,S2
579,2023-04-14,464522.2,5262500.0,9.0,Upland,S245,21.695,3.57951,S2
580,2023-04-14,464522.2,5262552.0,10.0,Upland,S246,308.4806,5.336709,S2
581,2023-04-14,464448.0,5262240.0,,,,,,S2
582,2023-04-14,464448.0,5262292.0,,,,,,S2
583,2023-04-14,464448.0,5262344.0,,,,,,S2
584,2023-04-14,464448.0,5262396.0,,,,,,S2
585,2023-04-14,464448.0,5262448.0,6.0,Upland,S254,225.0,0.96229,S2
586,2023-04-14,464448.0,5262500.0,5.0,Upland,S255,0.008743,1.43197,S2
587,2023-04-14,464448.0,5262552.0,,,,,,S2
588,2023-04-28,464819.0,5262240.0,0.0,Upland,S200,193.3626,6.632267,S2
589,2023-04-28,464819.0,5262292.0,0.0,Upland,S201,115.0966,3.120716,S2
590,2023-04-28,464819.0,5262344.0,0.0,Upland,S202,352.4059,2.16637,S2
591,2023-04-28,464819.0,5262396.0,0.0,Upland,S203,135.0012,7.45287,S2
592,2023-04-28,464819.0,5262448.0,0.0,Upland,S204,254.4066,9.503919,S2
593,2023-04-28,464819.0,5262500.0,0.0,Upland,S205,355.2919,3.051387,S2
594,2023-04-28,464819.0,5262552.0,,,,,,S2
595,2023-04-28,464744.8,5262240.0,,,,,,S2
596,2023-04-28,464744.8,5262292.0,0.0,Lagg,S211,332.3497,0.84887,S2
597,2023-04-28,464744.8,5262344.0,0.0,Lagg,S212,291.1621,2.37949,S2
598,2023-04-28,464744.8,5262396.0,6.0,Bog,S213,120.0787,0.78623,S2
599,2023-04-28,464744.8,5262448.0,0.0,Upland,S214,9.296235,3.98498,S2
600,2023-04-28,464744.8,5262500.0,0.0,Upland,S215,201.5048,1.26977,S2
601,2023-04-28,464744.8,5262552.0,,,,,,S2
602,2023-04-28,464670.6,5262240.0,0.0,Upland,S220,252.4753,2.85169,S2
603,2023-04-28,464670.6,5262292.0,0.0,Bog,S221,200.2377,0.72501,S2
604,2023-04-28,464670.6,5262344.0,11.0,Bog,S222,279.4718,0.43563,S2
605,2023-04-28,464670.6,5262396.0,0.0,Bog,S223,174.7998,0.39548,S2
606,2023-04-28,464670.6,5262448.0,21.0,Lagg,S224,187.7631,3.17706,S2
607,2023-04-28,464670.6,5262500.0,19.0,Lagg,S225,58.388,1.09319,S2
608,2023-04-28,464670.6,5262552.0,0.0,Upland,S226,275.0663,2.38778,S2
609,2023-04-28,464596.4,5262240.0,,,,,,S2
610,2023-04-28,464596.4,5262292.0,,,,,,S2
611,2023-04-28,464596.4,5262344.0,19.0,Lagg,S232,25.94226,14.422,S2
612,2023-04-28,464596.4,5262396.0,0.0,Bog,S233,113.9634,0.70519,S2
613,2023-04-28,464596.4,5262448.0,0.0,Bog,S234,180.0,0.28632,S2
614,2023-04-28,464596.4,5262500.0,0.0,Lagg,S235,105.2713,0.40827,S2
615,2023-04-28,464596.4,5262552.0,0.0,Upland,S236,4.635716,1.32895,S2
616,2023-04-28,464522.2,5262240.0,,,,,,S2
617,2023-04-28,464522.2,5262292.0,,,,,,S2
618,2023-04-28,464522.2,5262344.0,,,,,,S2
619,2023-04-28,464522.2,5262396.0,0.0,Upland,S243,50.67678,8.63669,S2
620,2023-04-28,464522.2,5262448.0,0.0,Upland,S244,355.6789,8.02736,S2
621,2023-04-28,464522.2,5262500.0,0.0,Upland,S245,21.695,3.57951,S2
622,2023-04-28,464522.2,5262552.0,0.0,Upland,S246,308.4806,5.336709,S2
623,2023-04-28,464448.0,5262240.0,,,,,,S2
624,2023-04-28,464448.0,5262292.0,,,,,,S2
625,2023-04-28,464448.0,5262344.0,,,,,,S2
626,2023-04-28,464448.0,5262396.0,,,,,,S2
627,2023-04-28,464448.0,5262448.0,0.0,Upland,S254,225.0,0.96229,S2
628,2023-04-28,464448.0,5262500.0,0.0,Upland,S255,0.008743,1.43197,S2
629,2023-04-28,464448.0,5262552.0,,,,,,S2
